classification_smilingProbability,au_AU01,au_AU02,au_AU06
0.05269486270357278,-1.144090121176569,-1.4996739457200035,4.146234566350637
0.09548671309004547,-2.4786251261430348,-3.4497095180214186,0.8358750727540623
0.1367260393381287,-1.1136595632300097,-0.902324173190226,-3.5118585678064833
0.1612123926708172,-2.835295801415308,-3.3551813466757263,-4.1926347001507525
0.043717210591513386,-2.6755960973359056,-5.199799077030233,-5.359093855541261
0.03801062628780255,-3.3539076959772482,-3.5543027364174664,-7.498275639008669
0.05779535479569391,-2.957144842290162,-5.977918271069503,3.3305044625447904
0.03155803263452906,-4.050738135096053,-4.540493834640839,-8.25057945193367
